,Temp,T1CA(v),T1CB(v),T1CC(v),T1CD(v),T2CA(v),T2CB(v),T2CC(v),T2CD(v)
35,35,0.29982665795388913,0.7512822289322812,0.3068047155680315,0.08810043132714139,0.3717073761468085,0.5374755464683936,0.24527438478372557,0.054306461254904126
30,30,0.2757976125488453,0.6750706922272909,0.28516105786717866,0.06704264758371249,0.4231120563022889,0.6156688019438165,0.26391581514941065,0.05176879525869578
25,25,0.31877561866207327,0.8740402913830763,0.3655901089610517,0.08768143678188123,0.4684439055669098,0.6978786178752174,0.3090690184188782,0.06318888773612384
