,Temp,T1CA(v),T1CB(v),T1CC(v),T1CD(v),T2CA(v),T2CB(v),T2CC(v),T2CD(v)
35,35,0.010012772806127489,0.015737991213272264,0.017859614183831075,0.020787234328114825,0.011442728515773104,0.010923876883621692,0.01240797099655065,0.0034365260141493827
30,30,0.009210317900914127,0.014141498645202722,0.016599700771651387,0.0158186651791171,0.0130251824491785,0.012513109178105851,0.013351005987813963,0.003275941895617706
25,25,0.010645577239789492,0.018309548523971125,0.02128160997584577,0.020688372862134183,0.014420688908130598,0.014183975720333983,0.01563522183474363,0.003998608112045676
