,Temp,T1CA(v),T1CB(v),T1CC(v),T1CD(v),T2CA(v),T2CB(v),T2CC(v),T2CD(v)
55,55,0.2578306031284226,0.5618880873677011,0.2643342127890346,1.7776236018326262e-05,0.34505043769566174,0.4880031911344906,0.245329733024807,1.994500339903209e-05
30,30,0.1410128662355697,0.2994106961191253,0.16259436114525022,0.1464314888609436,0.3577585450226887,0.5055081695468739,0.26362003858187505,0.07975196160366403
5,5,0.30525155316566827,1.1418759058662897,2.227891680501902e-05,1.8461233031023946e-05,0.8077326823940282,1.1412452471535564,3.0239423882248816e-05,1.9375261349423365e-05
