,Temp,T1CA(v),T1CB(v),T1CC(v),T1CD(v),T2CA(v),T2CB(v),T2CC(v),T2CD(v)
55,55,0.013022329249525318,0.019281995801844767,0.015320501119887564,1.1962375351443113e-06,0.0158319338666612,0.017717917622622762,0.013447839454233853,1.3403994303634906e-06
30,30,0.007122180029281512,0.010274707571471193,0.009423778578376067,0.009853989511960648,0.016415019389217116,0.018353470363118907,0.014450429273526003,0.0053597124936804
5,5,0.015417433698793214,0.03918510984329353,1.2912599026051803e-06,1.242333859202719e-06,0.03706116269553102,0.04143515789162907,1.6575851306011004e-06,1.302110045126854e-06
