,Temp,T1CA(v),T1CB(v),T1CC(v),T1CD(v),T2CA(v),T2CB(v),T2CC(v),T2CD(v)
55,55,0.5030511795346133,0.4038230228965414,0.5323186311166351,0.5529527667396186,0.2500866894729742,0.3538919362135124,0.2212948680263847,0.28095530556011483
5,5,1.1705638254603896,1.281953711611545,1.2352564777227542,1.2973490801037748,0.6731634988392834,0.966240526386456,0.44693425915681007,0.3436263627446641
