,Temp,T1CA(v),T1CB(v),T1CC(v),T1CD(v),T2CA(v),T2CB(v),T2CC(v),T2CD(v)
55,55,54.99999999999999,54.99999999999998,55.0,54.99999999999998,55.0,55.0,55.0,54.99999999999999
5,5,4.999999999999995,5.0,5.0,4.999999999999997,4.999999999999988,4.999999999999991,4.9999999999999964,5.000000000000003
