,Temp,T1CA(v),T1CB(v),T1CC(v),T1CD(v),T2CA(v),T2CB(v),T2CC(v),T2CD(v)
55,55,0.015924846492120774,0.02020462704700317,0.016677020890804337,0.0232213867793942,0.009597348125202783,0.011221422734993793,0.009955974754575351,0.013375605449112767
5,5,0.03705596962705011,0.064140465416873,0.03869937454804218,0.0544824921568161,0.02583337984582464,0.030638147696373963,0.02010740800635969,0.01635922354562154
