,Temp,T1CA(v),T1CB(v),T1CC(v),T1CD(v),T2CA(v),T2CB(v),T2CC(v),T2CD(v)
55,55,0.011141910052628948,0.01474150272230374,0.016741233231102267,1.08663270380047e-06,0.012808760248211306,0.01244817151577044,0.013381074438059554,0.0032899225717313418
30,30,0.003792586554559987,0.00389303873283546,0.0056543781460060534,0.012815478220991943,0.004555083151925642,0.004184269111079439,0.005314508331581407,0.0025369171163621743
5,5,0.011926160830361777,0.016979530077723626,0.01927707172390188,1.2520118240635528e-06,0.008210230560736822,0.007698839843750178,0.00943102216373644,0.006207592228720295
