,Temp,T1CA(v),T1CB(v),T1CC(v),T1CD(v),T2CA(v),T2CB(v),T2CC(v),T2CD(v)
55,55,0.3767285418583118,1.0816913377944843,0.4613489259640354,0.11230454474112456,0.5984845550003007,0.8612227635459104,0.39323419167804236,0.10517312714291001
30,30,0.4358689583727879,0.6096902262316989,0.37310749039543756,0.24921234359852532,0.5232297682308569,0.6544625449698562,0.41291793593774007,0.19391961674478186
5,5,1.694974940205519,1.91075850758831,1.4912467975304637,1.3280267474801042,1.6648960702592035,1.844269864546792,1.5527078334468616,1.2636560673937622
