,Temp,T1CA(v),T1CB(v),T1CC(v),T1CD(v),T2CA(v),T2CB(v),T2CC(v),T2CD(v),,
55,55,0.017992829,0.03483145,0.02791675,0.006375894,0.025466627,0.027861656,0.02084422,0.006483909,,
30,30,0.020817418,0.019632583,0.02257716,0.014148595,0.022264396,0.021172699,0.021887599,0.011955117,0.020139306,0.020139306
5,5,0.080953235,0.061528171,0.090237047,0.075396398,0.070844413,0.059664485,0.082304601,0.077904219,,
