,Temp,T1CA(v),T1CB(v),T1CC(v),T1CD(v),T2CA(v),T2CB(v),T2CC(v),T2CD(v),,
55,55,0.022054149,0.030434129,0.021024474,0.005256325,0.014957351,0.014895817,0.012002141,0.004129619,,
30,30,0.016525508,0.02227074,0.014707918,0.002766755,0.0169432,0.018035793,0.0169316,0.009515416,0.026152023,0.015153183
5,5,0.049926161,0.06866328,0.046104216,0.008285276,0.052290571,0.050358679,0.059233952,0.050335475,,
