,Temp,T1CA(v),T1CB(v),T1CC(v),T1CD(v),T2CA(v),T2CB(v),T2CC(v),T2CD(v),
35,35,0.004034444,0.006126951,0.00657816,0.00644458,0.005818831,0.005407899,0.005939909,0.001793885,
30,30,0.003735696,0.005095878,0.006003922,0.009278994,0.003497845,0.003213507,0.003606355,0.001758552,
25,25,0.002462339,0.002842821,0.003640525,0.00807772,0.002660262,0.002221046,0.003006872,0.001719826,
,,,,,,,,,,
,,0.003410826,,,,,,,,0.004373617
