,Temp,T1CA(v),T1CB(v),T1CC(v),T1CD(v),T2CA(v),T2CB(v),T2CC(v),T2CD(v)
35,35,0.971798635432075,0.8860607446754865,1.004050197667695,1.042553962568323,0.5610317289156235,0.7808329688018304,0.3877241389338213,0.10543780668280396
30,30,0.7502315311734011,0.6627889218440337,0.8021068525803152,0.8107985778968111,0.42954211584477725,0.6171653605601911,0.2905010640749302,0.07158814502366588
25,25,0.6574411368210392,0.5710131780602911,0.7019484639952185,0.6982592552787984,0.4423485112628796,0.6502167935331459,0.30328517778688696,0.07688805498070321
