,Temp,T1CA(v),T1CB(v),T1CC(v),T1CD(v),T2CA(v),T2CB(v),T2CC(v),T2CD(v),
35,35,0.020131931,0.028893163,0.020752284,0.027682521,0.016086876,0.016943059,0.014098117,0.004674071,
30,30,0.015541912,0.021612591,0.016578403,0.021528812,0.012316577,0.013391685,0.010562969,0.003173511,0.01543691
25,25,0.013619652,0.018619916,0.014508272,0.0185406,0.012683784,0.014108858,0.011027814,0.003408457,
