,Temp,T1CA(v),T1CB(v),T1CC(v),T1CD(v),T2CC(v),T2CD(v)
35,35,0.002937766044537252,0.0034487654400757457,0.0037368815884973594,0.0029850267803518253,0.002602475771958899,0.0045495672505303075
30,30,0.0028897025626767087,0.003705055068676689,0.0034410611850964577,0.002500513640164994,0.0035661578754433744,0.008145525059673812
25,25,0.00410521828579646,0.004757368906689265,0.004566541225824807,0.0036509637008841985,0.0041119073940328816,0.0080557665048209
