,Temp,T1CA(v),T1CB(v),T1CC(v),T1CD(v),T2CA(v),T2CB(v),T2CC(v),T2CD(v)
20,20,0.007341058830043404,0.009768386590855953,0.007623495199377468,0.0074036707422267724,0.007133080606861613,0.006470102107900843,0.0065865648499031145,0.004216808486987975
10,10,0.010129446696958705,0.013573629685529146,0.010263314499329634,0.010070631082748993,0.009466317402416605,0.009133785689949922,0.007790167314176943,0.003299130607669992
