,Temp,T1CA(v),T1CB(v),T1CC(v),T1CD(v),T2CA(v),T2CB(v),T2CC(v),T2CD(v)
42,42,84.9813792582743,82.54006886038626,94.31865881446559,108.96191420870284,82.66187025472159,81.51933865949484,70.68616875765127,55.84841885670242
27,27,58.08544279995994,56.69625661136856,66.06369236646435,76.65917482332193,53.32442732184362,55.26872864932532,41.392975726640024,19.309420127850235
12,12,56.720037712049326,55.32687639455417,63.99702426911976,74.7771119761896,50.81161538825776,52.479480197421324,39.455330490122435,18.91681158211006
