,BB Temp,T1CA(v),T1CB(v),T1CC(v),T1CD(v),T2CA(v),T2CB(v),T2CC(v),T2CD(v)
42,42,0.013429690576688304,0.01561725246989887,0.01431366385436563,0.013542766260051303,0.010305719455621679,0.010640153508314057,0.008210787153589189,0.005648879591371895
27,27,0.009179299402079746,0.010727392959843629,0.010025730829908312,0.009527891409214421,0.00664812671691539,0.007213843570229726,0.004808138838453266,0.0019530828538102557
12,12,0.008963523099052871,0.010468295083278383,0.009712096255204257,0.009293971718921355,0.006334846425137875,0.006849782327963635,0.004583065208125979,0.0019133718208601486
