,Temp,T1CA(v),T1CB(v),T1CC(v),T1CD(v),T2CA(v),T2CB(v),T2CC(v),T2CD(v)
10,10,0.4722303761059236,0.4833523543148895,0.47244020233003226,0.523972261927756,0.31191434930672507,0.37482270830886516,0.22455222407424252,0.07580015121350056
0,0,0.6476529336973181,0.6521552467334037,0.6368816586162519,0.6693260516660955,0.5765780850128907,0.6007039363925339,0.5330355532948176,0.463554146761138
