,Temp,T1CA(v),T1CB(v),T1CC(v),T1CD(v),T2CA(v),T2CB(v),T2CC(v),T2CD(v)
10,10,0.01102090089555556,0.01454130464553028,0.011737609409105145,0.011148202105641599,0.00902637190513146,0.008767823457787087,0.006455647333097481,0.0025498938177615123
0,0,0.015114908227320242,0.01961961710597849,0.015823099117713263,0.014240796012926264,0.016685376095208208,0.014051619466842566,0.015324228304842447,0.015593819195619408
