,Temp,T1CA(v),T1CB(v),T1CC(v),T1CD(v),T2CA(v),T2CB(v),T2CC(v),T2CD(v)
55,55,3.178935010112271,2.5886402608127934,2.1532496501849963,1.9995336218231738,2.415323046745917,2.5258695175593,2.1515300803228463,1.886728882147583
30,30,5.244425709228395,5.120433009374283,4.700882757943303,4.521226716576668,4.823426021889501,4.902106460996896,4.679937890187092,4.41774043446679
5,5,2.8796540192349434,3.122256479079496,2.67362430384654,2.4758400033360735,2.9203364503866065,3.1800483612398165,2.754653494127792,2.4237245365378737
