,Temp,T1CA(v),T1CB(v),T1CC(v),T1CD(v),T2CA(v),T2CB(v),T2CC(v),T2CD(v)
40,40,0.4427419014344462,0.7011332529407206,0.3107016939768141,0.11196274095420035,0.34716371589614353,0.47711211616525384,0.22296903501679866,0.13502086060004304
35,35,0.38889357159670995,0.5499968127762342,0.32542737704536884,0.22888725973628365,0.3696500196426031,0.4663573286728161,0.3027162032659274,0.19275151951186434
30,30,0.729513598471272,1.0716777006412617,0.5645556984536958,0.2815751739129157,0.8429169587454507,1.0937914140426155,0.6098643353426318,0.2234699755397792
25,25,0.20880145639007977,0.33301332836444947,0.15720671320376345,0.07333794628625198,0.2048268025348915,0.28308857702155016,0.13762890695000626,0.05162854933467876
20,20,0.32537782152507505,0.4817267253912801,0.22320998303335116,0.09317886198504056,0.2797406307117424,0.3602589372344838,0.19265248459688478,0.05822961048349689
15,15,0.3658634654659411,0.5404227672659858,0.2525289428745354,0.08894633762257952,0.30033971110904856,0.39227059357274086,0.20065127031722918,0.051414511490064374
10,10,0.42693771495166255,0.6415752593126008,0.29210680544936213,0.00014753838106536552,0.30369304445339496,0.40831635619822976,0.1975786327139438,0.044323186856067
5,5,0.47802512701003275,0.7144082973837408,0.3264452806448668,1.3221362439925043e-05,0.312859883529045,0.41946306108017295,0.20026163238174452,0.041877200470477535
