,Temp,T1CA(v),T1CB(v),T1CC(v),T1CD(v),T2CC(v),T2CD(v)
60,60,1.4396657111946298,1.3113937953963324,1.3770265723210118,1.5624766421831306,1.4697988899973349,3.7369868420639545e-05
35,35,1.4355844629487264,1.2860753035971668,1.3438737448741038,1.0468738415782943,1.5710263874396582,2.19375463141493
10,10,4.492019387630619,4.408827865299378,4.565325751171445,4.611812869277917,4.2056651065652995,2.688367855640326
