,Temp,T1CA(v),T1CB(v),T1CC(v),T1CD(v),T2CC(v),T2CD(v)
60,60,0.01692478015818725,0.021304569405239702,0.01958608091547515,0.014596634501936328,0.03593061804791721,2.6843475830257246e-06
35,35,0.016876800805205663,0.020893251639618953,0.019114533035424108,0.009779880493960929,0.03840521955380979,0.15758150058937087
10,10,0.05280839851278853,0.07162469395673646,0.06493472338535344,0.04308349003548568,0.10281144421174847,0.19311049410972367
