,BB Temp,T1CA(v),T1CB(v),T1CC(v),T1CD(v),T2CA(v),T2CB(v),T2CC(v),T2CD(v)
42,42,0.008518268427767588,0.01004391938090383,0.008681597642798893,0.008475375089178245,0.019839396140351177,0.012696089378593789,0.023927133809443137,0.035716456958507246
27,27,0.016064016298058457,0.015182629992304316,0.01492940679513407,0.013904214777036341,0.02161497741791187,0.015634141728058912,0.024556322640900068,0.03434020685631715
12,12,0.024263198250672125,0.02345013203003498,0.022631370152006763,0.021393018381518126,0.02164970384899458,0.01704125001105535,0.02474980790236205,0.03354317558537835
