,Temp,T1CA(v),T1CB(v),T1CC(v),T1CD(v),T2CA(v),T2CB(v),T2CC(v),T2CD(v)
55,55,0.046030187644354494,0.36121282437869634,0.04793656476281359,0.04190041430832349,0.05966211585503599,0.048481668179786434,0.066140611073301,0.07246138247071782
45,45,0.009323906288748993,0.013281430759423259,0.009653353675327252,0.009363532232802266,0.00779115036050971,0.007480157650168758,0.006464223960368865,0.002640142984456653
35,35,0.006875072175402555,0.009669281358588501,0.0073635020758647555,0.007030833730332582,0.006043071491474512,0.006002947794191953,0.005232379053809595,0.0023075570139060616
25,25,,,,,,,,
15,15,,,,,,,,
5,5,,,,,,,,
