,Temp,T1CA(v),T1CB(v),T1CC(v),T1CD(v),T2CA(v),T2CB(v),T2CC(v),T2CD(v)
55,55,0.04603018764435449,0.36121282437869634,0.04793656476281359,0.04190041430832349,0.059662115855036,0.048481668179786434,0.066140611073301,0.07246138247071782
45,45,0.00932390628874899,0.013281430759423264,0.009653353675327254,0.00936353223280226,0.007791150360509713,0.007480157650168756,0.006464223960368871,0.0026401429844566506
35,35,0.00687507217540256,0.009669281358588504,0.007363502075864756,0.007030833730332585,0.006043071491474514,0.006002947794191953,0.005232379053809596,0.002307557013906059
25,25,,,,,,,,
15,15,,,,,,,,
5,5,,,,,,,,
