,Temp,T1CA(v),T1CB(v),T1CC(v),T1CD(v),T2CA(v),T2CB(v),T2CC(v),T2CD(v)
55,55,0.015786789486708294,0.024084832117441526,0.019347573183837306,1.045235604243348e-06,0.025248206876401932,0.02742939019514088,0.020715272392200827,0.005134563151870468
30,30,0.010594878051384342,0.021007541344471116,0.016766385102213947,0.008577231644211805,0.0184813146174408,0.019865923471220705,0.01457020357756332,0.003734740844910014
5,5,0.024959975036385893,0.05641830689315273,1.389455720549266e-06,9.860446413880711e-07,0.029044711350164676,0.030914575760236245,6.12637057296652e-05,2.014715468179448e-06
