,Temp,T1CA(v),T1CB(v),T1CC(v),T1CD(v),T2CA(v),T2CB(v),T2CC(v),T2CD(v)
30,30,0.5351005092483053,9.681929995075206e-05,0.5619976182080141,0.5655739406034541,0.4951798896697356,0.5789954145450423,0.4461970613734903,0.09688190434991666
20,20,,,,,,,,
