,Temp,T1CA(v),T1CB(v),T1CC(v),T1CD(v),T2CA(v),T2CB(v),T2CC(v),T2CD(v)
10,10,3.049899104211545,3.27366574732226,3.3656103379834788,3.075910290756826,1.890064246297343,2.049049748183195,1.9430852909557006,1.6576118764520547
0,0,3.3048069054182228,3.5528249980758924,3.6557627149347898,3.376906645770434,1.9947032607651183,2.2919977498173925,2.0970898697155484,1.3474994610895796
