,Temp,T1CA(v),T1CB(v),T1CC(v),T1CD(v),T2CA(v),T2CB(v),T2CC(v),T2CD(v)
10,10,0.011227739265631448,0.011990804253454692,0.012770813750493803,0.01242766851969802,0.005843248389404749,0.005914707150179405,0.004641775378523482,0.0030719766796917
0,0,0.012166143531127271,0.013013310578074385,0.013871797403737635,0.013643790763895871,0.006166746256715631,0.006615991383840237,0.005009672076210769,0.002497259448468993
