,Temp,T1CA(v),T1CB(v),T1CC(v),T1CD(v),T2CA(v),T2CB(v),T2CC(v),T2CD(v),
35,35,0.252875798,0.2043751,0.219108503,0.257964823,0.197259989,0.244675977,0.137547847,0.018455939,Average
30,30,0.116233631,0.091592995,0.11203975,0.138024425,0.076785501,0.084857366,0.073505552,0.050918033,0.166705087
25,25,0.294075493,0.239620698,0.264717349,0.347779025,0.186195161,0.213756361,0.137433088,0.041123677,
