,Temp,T1CA(v),T1CB(v),T1CC(v),T1CD(v),T2CA(v),T2CB(v),T2CC(v),T2CD(v),,
35,35,0.005787244,0.00737747,0.005010853,0.007573322,0.005734888,0.005352055,0.005178476,0.00086338,,
30,30,0.00266009,0.003306296,0.002562268,0.004052116,0.002232365,0.001856174,0.002767377,0.002381978,,0.004730295
25,25,0.006730129,0.008649755,0.006053894,0.010210084,0.005413203,0.004675718,0.005174155,0.001923791,,
