,Temp,T1CA(v),T1CB(v),T1CC(v),T1CD(v),T2CA(v),T2CB(v),T2CC(v),T2CD(v)
35,35,0.16973456872913426,0.2731644308447191,0.1190214466960278,0.030725472267597594,0.1998706818461208,0.2845624293016174,0.12801769395691578,0.030297171532442945
30,30,0.19502353569136383,0.2996203019190417,0.13535269783294862,0.03863348493130009,0.19363100428899155,0.2731126648038812,0.12580649850060643,0.03215503689511038
25,25,0.3147872425995411,0.49943485461650494,0.22564292979585268,0.05951889098560292,0.27757150733034747,0.40995154526233657,0.18758686425628776,0.04559380867213013
